{
  "date": "2023-01-08T13:16:46.443Z",
  "title": "\"Como Montar Um Cronograma Capilar Eficaz Usando Suplemento Alimentar Para Cabelos\"",
  "thumbnail": "/img/uploads/captura-de-tela-2023-01-08-a-s-10.14.51.jpg",
  "meta_description": "Aprenda A Criar Um Cronograma Capilar Personalizado E Eficaz Para Manter Seus Cabelos Saudáveis E Hidratados Com O Uso De Suplemento Alimentar.",
  "body": "Um **cronograma capilar** é um plano de cuidados com o cabelo que inclui a realização de tratamentos específicos em dias determinados. Ele tem como objetivo manter os cabelos saudáveis e hidratados, promovendo brilho, maciez e diminuindo a queda.\n\n## F﻿ase de Nutrição Capilar\n\nA fase de nutrição capilar é a etapa do cuidado capilar em que o objetivo é nutrir os fios de cabelo com nutrientes, hidratação e umidade. É importante nutrir o cabelo para mantê-lo saudável e forte, prevenindo a queda e o ressecamento. Alguns exemplos de atividades que podem ser realizadas nesta fase incluem:\n\n1. Usar produtos de tratamento capilar com ingredientes nutritivos, como óleos, máscaras e cremes de tratamento.\n2. Aplicar produtos de nutrição capilar diretamente nos fios, concentrando-se nas pontas e nas áreas mais danificadas.\n3. Usar um pente de dentes largos ou uma escova de cerdas largas para aplicar o produto de tratamento, a fim de evitar danificar o cabelo.\n4. Usar um leave-in (um produto que não precisa ser enxaguado após a aplicação) para fornecer hidratação ao longo do dia.\n5. Usar produtos com proteção térmica antes de usar ferramentas de calor, como secador de cabelo ou chapinha, para proteger o cabelo do calor excessivo.\n6. Evitar lavar o cabelo todos os dias, pois isso pode remover os óleos naturais que protegem e hidratam o cabelo. Em vez disso, tente lavar o cabelo a cada dois ou três dias e usar produtos de finalização, como sprays de água termal, para manter o cabelo hidratado entre lavagens.\n\n## F﻿ase de Hidratação Capilar\n\nA fase de hidratação capilar é a etapa do cuidado capilar em que o objetivo é adicionar umidade aos fios de cabelo para mantê-los hidratados e saudáveis. É importante hidratar o cabelo regularmente, especialmente se você vive em um ambiente com ar seco ou usa ferramentas de calor frequentemente, pois isso pode levar ao ressecamento e à quebra dos fios. Alguns exemplos de atividades que podem ser realizadas nesta fase incluem:\n\n1. Usar produtos de tratamento capilar com ingredientes hidratantes, como água de coco, óleo de argan e manteiga de karité.\n2. Aplicar produtos de hidratação capilar diretamente nos fios, concentrando-se nas pontas e nas áreas mais danificadas.\n3. Usar um pente de dentes largos ou uma escova de cerdas largas para aplicar o produto de tratamento, a fim de evitar danificar o cabelo.\n4. Usar um leave-in (um produto que não precisa ser enxaguado após a aplicação) para fornecer hidratação ao longo do dia.\n5. Usar produtos com proteção térmica antes de usar ferramentas de calor, como secador de cabelo ou chapinha, para proteger o cabelo do calor excessivo.\n6. Evitar lavar o cabelo todos os dias, pois isso pode remover os óleos naturais que protegem e hidratam o cabelo. Em vez disso, tente lavar o cabelo a cada dois ou três dias e usar produtos de finalização, como sprays de água termal, para manter o cabelo hidratado entre lavagens.\n\n## F﻿ase de Reconstrução Capilar\n\nA fase de reconstrução capilar é um processo de tratamento de cabelo que visa reparar e fortalecer os fios danificados. Isso pode ser necessário devido a fatores externos, como o uso excessivo de químicas ou o sol, ou fatores internos, como o envelhecimento ou a falta de cuidados adequados.\n\nExistem vários métodos diferentes para realizar a reconstrução capilar, mas a maioria envolve o uso de produtos específicos, como máscaras de tratamento e leave-ins, que são aplicados no cabelo para suprir as necessidades nutricionais dos fios e reparar os danos.\n\nAlguns profissionais de beleza também recomendam procedimentos de reconstrução capilar mais intensivos, como tratamentos químicos ou mesmo cirurgias capilares. No entanto, é importante lembrar que esses tratamentos mais invasivos podem ter efeitos colaterais ou causar ainda mais danos ao cabelo, portanto é sempre importante consultar um profissional de confiança antes de tomar qualquer decisão.\n\nEm geral, a fase de reconstrução capilar deve ser realizada regularmente, dependendo do tipo e da condição do cabelo. No entanto, é importante lembrar que o cuidado diário e a prevenção são ainda mais importantes para manter o cabelo saudável e evitar danos futuros. Alguns cuidados diários simples incluem usar um chapéu ou lenço para proteger o cabelo do sol, evitar o uso excessivo de químicas e secador de cabelo, e escolher produtos de qualidade para limpeza e styling.\n\n\n\n\n\nUm **suplemento alimentar** pode ser uma ótima opção para incluir no cronograma capilar, pois ajuda a fornecer nutrientes importantes para o cabelo, como vitaminas e minerais. Alguns suplementos específicos para cabelos incluem biotina, zinco e vitamina E, que podem ajudar a fortalecer os fios e promover o crescimento saudável.\n\nPara criar um cronograma capilar utilizando suplemento alimentar, é importante considerar o tipo de cabelo e as necessidades específicas. Algumas dicas incluem:\n\n1. Consultar um profissional de saúde ou dermatologista: Eles poderão avaliar o estado de saúde do cabelo e indicar os melhores suplementos alimentares a serem utilizados.\n2. Escolher o suplemento certo: Existem várias opções de suplementos alimentares para cabelo no mercado. É importante ler a lista de ingredientes e escolher um produto de qualidade e que atenda às necessidades do cabelo.\n3. Incluir o suplemento no cronograma capilar: O suplemento pode ser tomado diariamente de acordo com as orientações do rótulo ou pode ser utilizado em conjunto com outros tratamentos capilares, como máscaras de hidratação ou óleos.\n4. Ser consistente: É importante ser consistente na utilização do suplemento e seguir o cronograma capilar de forma rigorosa para obter os melhores resultados.\n\nEm resumo, o uso de um suplemento alimentar pode ser uma ótima maneira de complementar o cronograma capilar e proporcionar nutrientes importantes para o cabelo. No entanto, é sempre importante consultar um profissional de saúde antes de iniciar o uso de qualquer suplemento e seguir as orientações de uso corretamente.\n\nOs blow gummies são gomas contendo nutrientes e vitaminas específicas para o cabelo. Eles são uma opção conveniente e saborosa de suplemento alimentar para o cabelo e podem ser incluídos no cronograma capilar de várias maneiras.\n\nUm dos principais benefícios de usar [blow gummies](#) é a praticidade. Eles podem ser facilmente incluídos na rotina diária, basta seguir as orientações de uso recomendadas pelo fabricante. Além disso, eles são saborosos e podem ser uma ótima alternativa para quem não gosta de tomar comprimidos ou cápsulas de suplemento alimentar.\n\nOutro benefício é a variedade de nutrientes e vitaminas que os [blow gummies](#search-engine) podem fornecer. Eles podem conter ingredientes como biotina, vitamina E, zinco e outros nutrientes importantes para o cabelo. Isso pode ajudar a fortalecer os fios e promover o crescimento saudável.\n\nPara incluir os blow gummies no cronograma capilar, basta tomar um gummy por dia, enquanto outras incluem os gummies em conjunto com outros tratamentos capilares, como máscaras de hidratação ou óleos. O importante é ser consistente e seguir o cronograma de forma rigorosa para obter os melhores resultados \n\nEm resumo, os blow gummies são uma opção conveniente e saborosa de suplemento alimentar para o cabelo e podem ser facilmente incluídos no cronograma capilar. Eles podem fornecer uma variedade de nutrientes e vitaminas importantes para o cabelo, ajudando a fortalecer os fios e promovendo o crescimento saudável.\n\nO cronograma capilar geralmente é dividido em três etapas: hidratação, nutrição e reconstrução. Cada uma dessas etapas tem um objetivo específico e deve ser realizada de acordo com as necessidades do cabelo.\n\nA etapa de hidratação tem como objetivo repor a água perdida pelos fios, deixando-os macios e sedosos. Ela pode ser realizada com produtos como máscaras de hidratação, leave-in e óleos.\n\nA etapa de nutrição tem como objetivo fornecer nutrientes importantes para o cabelo, como proteínas e vitaminas. Ela pode ser realizada com produtos como máscaras de nutrição e óleos.\n\nA etapa de reconstrução tem como objetivo reparar os danos dos fios, deixando-os mais resistentes. Ela pode ser realizada com produtos como máscaras de reconstrução e leave-in.\n\nO cronograma capilar deve ser adaptado de acordo com as necessidades do cabelo de cada pessoa. Algumas pessoas podem precisar realizar todas as etapas em intervalos mais frequentes, enquanto outras podem precisar apenas de uma ou duas etapas com menor frequência. O importante é encontrar o equilíbrio certo e ser consistente na realização dos tratamentos.\n\nOs blow gummies são uma opção de suplemento alimentar para o cabelo e podem ser incluídos no cronograma capilar de várias maneiras, de acordo com as necessidades do cabelo de cada pessoa.\n\nEles podem ser utilizados na etapa de nutrição do cronograma capilar, já que fornecem nutrientes importantes para o cabelo, como biotina, vitamina E e zinco. Esses nutrientes ajudam a fortalecer os fios e promover o crescimento saudável.\n\nAlém disso, os blow gummies também podem ser incluídos na etapa de hidratação do cronograma capilar, já que ajudam a manter os fios hidratados e saudáveis.\n\nÉ importante ressaltar que cada pessoa tem um tipo de cabelo e necessidades específicas, portanto, é importante avaliar qual a melhor forma de incluir os blow gummies no cronograma capilar. Algumas pessoas podem optar por tomar um gummy por dia, enquanto outras podem incluir os gummies em conjunto com outros tratamentos capilares, como máscaras de hidratação ou óleos. O importante é ser consistente e seguir o cronograma de forma rigorosa para obter os melhores resultados"
}