{
  "date": "2023-02-20T18:52:17.042Z",
  "title": "Descubra como fortalecer suas unhas e dizer adeus às unhas quebradiças!",
  "meta_title": "Unhas Quebradiças: Causas, Prevenção e Tratamento.",
  "meta_description": "Descubra as causas mais comuns de unhas quebradiças e aprenda dicas valiosas para prevenir e tratar esse problema. Leia agora o guia completo por Blow Gummiese fortaleça suas unhas hoje mesmo!\"",
  "body": "Complexos Vitamínicos para Unhas Fortes e Saudáveis: Tudo o que você precisa saber\n\nAs unhas são partes importantes do nosso corpo que muitas vezes são negligenciadas. No entanto, ter unhas saudáveis e fortes é essencial para a saúde geral do nosso corpo. As unhas são compostas por uma proteína chamada queratina, que é responsável por sua força e rigidez. Embora a nutrição adequada seja essencial para manter as unhas saudáveis, alguns complexos vitamínicos podem ajudar a fortalecer e melhorar sua aparência. Neste artigo, vamos explorar os complexos vitamínicos que ajudam a crescer e fortalecer as unhas.\n\nVitaminas para unhas fortes\n\nAbaixo estão as vitaminas que são essenciais para o crescimento e fortalecimento das unhas:\n\n1. Vitamina H (Biotina)\n\nA biotina é uma vitamina do complexo B que ajuda a manter a saúde das unhas, cabelos e pele. Ela é uma das vitaminas mais importantes para as unhas, pois ajuda na produção de queratina. A deficiência de biotina pode levar a unhas fracas e quebradiças. A biotina pode ser encontrada em alimentos como ovos, nozes, legumes e frutas.\n\n2. Vitamina C\n\nA vitamina C é um antioxidante que ajuda na produção de colágeno, uma proteína que ajuda a manter a saúde das unhas. A deficiência de vitamina C pode levar a unhas quebradiças e fracas. A vitamina C é encontrada em alimentos como frutas cítricas, pimentões e brócolis.\n\n3. Vitamina E\n\nA vitamina E é um antioxidante que ajuda a melhorar a circulação sanguínea e promove a cura das unhas. A deficiência de vitamina E pode levar a unhas quebradiças e fracas. A vitamina E é encontrada em alimentos como nozes, sementes e óleos vegetais.\n\n4. Vitamina D\n\nA vitamina D ajuda o corpo a absorver o cálcio, que é essencial para a saúde das unhas. A deficiência de vitamina D pode levar a unhas quebradiças e fracas. A vitamina D é encontrada em alimentos como peixes gordurosos e ovos, mas a principal fonte é a exposição ao sol.\n\n5. Vitamina A\n\nA vitamina A ajuda a manter a saúde das unhas, bem como da pele e dos cabelos. A deficiência de vitamina A pode levar a unhas secas e quebradiças. A vitamina A é encontrada em alimentos como cenoura, batata-doce e espinafre.\n\nComplexos vitamínicos para unhas fortes\n\nExistem muitos complexos vitamínicos disponíveis no mercado que contêm uma combinação de vitaminas e minerais que ajudam a manter a saúde das unhas. \n\n\\\nComo escolher o complexo vitamínico certo para suas unhas\n\nAo escolher um complexo vitamínico para ajudar a fortalecer e melhorar a saúde das suas unhas, é importante considerar seus objetivos e necessidades específicos. Por exemplo, se você tem unhas quebradiças e secas, um complexo vitamínico que contenha biotina e vitamina E pode ser mais adequado para você. Por outro lado, se você está procurando um complexo vitamínico que ajude no crescimento das unhas, um que contenha biotina e vitamina C pode ser uma opção melhor.\n\nTambém é importante escolher um complexo vitamínico que seja de alta qualidade e fabricado por uma empresa respeitável. Verifique os ingredientes para garantir que contenham as vitaminas e minerais que você precisa para melhorar a saúde das suas unhas.\n\nAlém disso, é sempre recomendável consultar um médico ou nutricionista antes de tomar qualquer tipo de suplemento vitamínico ou mineral, pois eles podem interagir com outros medicamentos que você esteja tomando ou ter efeitos colaterais indesejados. Blow Gummies  é﻿ um suplemento vitamínico em forma de gomas deliciosas projetado para melhorar a saúde das unhas, cabelos e pele. As gomas contêm uma combinação de vitaminas e minerais essenciais, incluindo biotina, vitamina C, vitamina E, ácido fólico e zinco. Esses ingredientes são importantes para a saúde das unhas, pois ajudam a fortalecer as unhas, promovem o crescimento e ajudam a prevenir a quebra e a descamação\n\nA biotina é um dos ingredientes mais importantes em Blow Gummies, pois é conhecida por melhorar a saúde das unhas. A biotina é uma vitamina B solúvel em água que ajuda a manter as unhas fortes e saudáveis, estimulando o crescimento celular. A vitamina C e a vitamina E também são antioxidantes importantes que ajudam a proteger as unhas dos danos causados pelos radicais livres, enquanto o zinco ajuda a manter a integridade estrutural das unhas.\n\nAlém disso, Blow Gummies contém ácido fólico, que ajuda a manter a saúde das células e pode ajudar a prevenir problemas nas unhas, como a síndrome das unhas quebradiças. As gomas são formuladas com ingredientes naturais e não contêm conservantes ou aditivos artificiais.\n\nBlow Gummies é fácil e conveniente de usar. Basta mastigar duas gomas por dia para obter os benefícios para a saúde das unhas, cabelos e pele. As gomas são deliciosas e vêm em um sabor natural de frutas. Elas são adequadas para pessoas de todas as idades e estilos de vida, incluindo veganos e vegetarianos.\n\nEmbora Blow Gummies seja um suplemento vitamínico seguro e eficaz, é importante lembrar que os suplementos não substituem uma dieta saudável e equilibrada. Para obter unhas saudáveis, é importante manter uma dieta rica em nutrientes e vitaminas essenciais, além de evitar hábitos que possam danificar as unhas, como roer ou usar produtos químicos agressivos.\n\nConclusão\n\nBlow Gummies é um suplemento vitamínico delicioso e eficaz que ajuda a melhorar a saúde das unhas, cabelos e pele. As gomas contêm uma combinação de vitaminas e minerais essenciais, incluindo biotina, vitamina C, vitamina E, ácido fólico e zinco, que ajudam a fortalecer as unhas, promover o crescimento e prevenir a quebra e a descamação. As gomas são fáceis e convenientes de usar e são formuladas com ingredientes naturais e saudáveis. No entanto, é importante lembrar que os suplementos não substituem uma dieta saudável e equilibrada, e é sempre recomendável consultar um médico antes de tomar qualquer tipo de suplemento vitamínico ou mineral.\n\n![Blow Gummies ](/img/uploads/email-marketing-3.webp \"Blow Gummies Cabelo e Unhas\")\n\n![Compre Agora](/img/uploads/cta-gif-18.02.gif \"Blow Gummies\")",
  "thumbnail": "/img/uploads/bannerads3_feed.webp"
}
