{
  "date": "2023-01-10T15:07:44.285Z",
  "title": "Por Que As Vitaminas São Fundamentais Para O Crescimento Dos Cabelos",
  "thumbnail": "/img/uploads/3645170.jpg",
  "description": "",
  "body": "O **crescimento capilar** saudável é um desejo de muitas pessoas, especialmente aquelas que estão lutando contra a queda de cabelo ou tentando obter cabelos mais longos e fortes. Um dos elementos importantes para o crescimento capilar saudável é uma dieta equilibrada que inclui vitaminas e minerais essenciais. Algumas vitaminas têm propriedades específicas que podem ajudar no crescimento do cabelo. Neste artigo, vamos discutir algumas dessas vitaminas e como elas podem beneficiar o crescimento capilar.\n\nA **vitamina A** é conhecida por ser essencial para a saúde da pele e dos cabelos. Ela ajuda a produzir sebo, um óleo natural que lubrifica o couro cabeludo e mantém o cabelo hidratado. Alimentos ricos em vitamina A incluem frutas, vegetais e leite.\n\nA **vitamina B** é outra vitamina essencial para o crescimento capilar. Ela é composta por uma série de vitaminas, incluindo a B-6 e a B-12, que ajudam a manter o cabelo forte e saudável. A vitamina B-6 ajuda a produzir melanina, um pigmento que dá cor aos cabelos, enquanto a vitamina B-12 ajuda na produção de células sanguíneas que transportam oxigênio para os folículos capilares. Alimentos ricos em vitamina B incluem carnes, ovos, leite e cereais fortificados.\n\nA **vitamina C** também é importante para o crescimento capilar saudável. Ela ajuda na produção de colágeno, uma proteína que dá resistência e suporte às células do cabelo. Alimentos ricos em vitamina C incluem frutas cítricas, kiwi, brócolis e pimentões.\n\nA **vitamina D** é outra vitamina importante para o crescimento capilar. Ela ajuda a regular o crescimento celular, incluindo o crescimento dos cabelos. A vitamina D também pode ajudar a prevenir a queda de cabelo. A principal fonte de vitamina D é a exposição solar, mas também é encontrada em alimentos como peixes, ovos e cogumelos.\n\nA **vitamina E** é um potente antioxidantes, ela ajuda a proteger as células do corpo, incluindo as do cabelo, contra os danos causados ​​pelo estresse oxidativo. Alimentos ricos em vitamina E incluem nozes, sementes e óleos vegetais.\n\nEm resumo, as vitaminas A, B,C, D e E são todas importantes para o crescimento capilar saudável. Elas atuam em processos diferentes, desde a produção de sebo e melanina até a regulação do crescimento celular e a proteção contra os danos causados ​​pelo estresse oxidativo. Incorporar alimentos ricos em essas vitaminas na sua dieta, como frutas, vegetais, carnes, leite e peixes, pode ajudar a garantir que você esteja recebendo os nutrientes que seu corpo precisa para manter o crescimento capilar saudável.\n\nNo entanto, é importante notar que uma dieta equilibrada e saudável é apenas uma parte do que é preciso para o crescimento capilar saudável. Fatores genéticos, estilo de vida, uso de produtos de cabelo e até doenças médicas podem afetar o crescimento capilar. Se você estiver preocupado com a queda de cabelo ou com o crescimento capilar, é importante consultar um médico ou um especialista em tricologia. Eles podem avaliar sua situação e fornecer recomendações específicas para ajudar a melhorar o crescimento capilar.\n\nEm geral, uma combinação de uma dieta saudável, uso de produtos adequados, estilo de vida saudável e acompanhamento médico pode ajudar a garantir o crescimento capilar saudável.\n\nAlém de incluir alimentos ricos em vitaminas essenciais para o crescimento capilar na sua dieta, outra opção é o uso de suplementos alimentares específicos para o cabelo, como as gomas de crescimento capilar. Um exemplo dessas gomas é a[ BLOW Gummies,](https://www.blowgummies.com.br) que contém uma combinação única de vitaminas e minerais para o crescimento capilar, incluindo as vitaminas A, B, C, D e E mencionadas anteriormente.\n\nUma adição interessante a esse suplemento é a presença de Selênio, que é um mineral importante para a saúde do cabelo. Ele ajuda na produção de glutationa, um antioxidantes que combate a oxidação das células e protege os folículos capilares. Além disso, o Selênio também ajuda a melhorar a elasticidade do cabelo e a reduzir o risco de queda de cabelo.\n\nAlém das vitaminas mencionadas anteriormente, outras vitaminas e minerais também podem ser benéficos para o crescimento capilar saudável. Por exemplo, a vitamina H, também conhecida como biotina, é importante para a saúde do cabelo, unhas e pele. A vitamina H ajuda a manter o cabelo forte e a prevenir a queda de cabelo. Ela também pode ajudar a prevenir a descamação do couro cabeludo. Alimentos ricos em vitamina H incluem ovos, leite e nozes.\n\nOutro mineral importante para o crescimento capilar é o ferro. Ele é responsável por transportar oxigênio para as células do corpo, incluindo as células do cabelo. Uma deficiência de ferro pode levar a queda de cabelo e ao enfraquecimento do cabelo. Alimentos ricos em ferro incluem carnes, feijão, vegetais verdes e cereais fortificados.\n\nO zinco também é um mineral importante para o crescimento capilar. Ele ajuda na produção de proteínas e na cicatrização de feridas. Ele também ajuda a regular a produção de sebo e pode ajudar a prevenir a descamação do couro cabeludo. Alimentos ricos em zinco incluem carne, frutos do mar, cereais e nozes.\n\nPara concluir, é importante ter uma dieta equilibrada e saudável para garantir que seu corpo esteja recebendo as vitaminas e minerais necessários para o crescimento capilar saudável. Além disso, suplementos alimentares específicos para o cabelo, como as gomas de crescimento capilar [BLOW Gummie](https://www.blowgummies.com.br)s, podem ser uma boa opção para aqueles que têm dificuldade em obter nutrientes essenciais através da dieta. Lembre-se sempre de consultar um médico ou nutricionista antes de tomar qualquer suplemento alimentar e seguir as recomendações de uso.\n\nÉ importante mencionar que o suplemento capilar[ BLOW Gummies](https://www.blowgummies.com.br), assim como outros suplementos alimentares, é isento de registro na Agência Nacional de Vigilância Sanitária (Anvisa). Isso significa que ele não precisa de aprovação da Anvisa para ser comercializado e que não foi submetido aos processos de avaliação de segurança, eficácia e qualidade que os medicamentos são submetidos.\n\nA Portaria nº 8 de 02 de Janeiro de 2018, estabeleceu a classificação de suplementos alimentares como produtos isentos de registro, aos suplementos alimentares que estejam enquadrado nos critérios estabelecidos, entre eles, não contenha substância ativa e não seja utilizado para fins terapêuticos.\n\nÉ importante lembrar que, mesmo sendo isento de registro, os fabricantes dos suplementos alimentares são responsáveis pela segurança e qualidade dos produtos. Eles devem seguir as boas práticas de fabricação e as normas técnicas estabelecidas pela Anvisa. Além disso, os suplementos alimentares também estão sujeitos à fiscalização da Anvisa, que pode realizar inspeções e tomar medidas para garantir que os produtos sejam seguros e de qualidade para o consumo.\n\nÉ importante observar que, mesmo os suplementos alimentares sendo isentos de registro, é importante ter cuidado com a qualidade e a segurança dos produtos. É recomendável fazer uma pesquisa sobre a empresa fabricante, e sempre seguir as recomendações de uso descritas na embalagem.",
  "meta_title": "Blow Gummies Vitaminas Para o Crescimento Capilar",
  "meta_description": "Melhores Vitaminas Para o Crescimento Capilar"
}