{
  "assetsByChunkName": {
    "vendors~app-account~app-confirmation~app-order": "chunk.f607557483fd583d217d.js",
    "vendors~app-account~app-checkout": "chunk.26e5a686b962f23213a2.js",
    "admin": [
      "admin.3a0bc56d48585eb1e4c6.js",
      "admin.3a0bc56d48585eb1e4c6.js.map"
    ],
    "app-account": "chunk.48f51f79c98115ce7b44.js",
    "app-cart": "chunk.62a6dcfaf7194b56ec3f.js",
    "app-checkout": "chunk.1ddc362e04c7474fbd72.js",
    "app-confirmation": "chunk.80360ac904f902ce24d5.js",
    "app-order": "chunk.8735cb242ded17f0a846.js",
    "checkout": [
      "checkout.e8d8c312a8f72958c42f.js",
      "checkout.e8d8c312a8f72958c42f.js.map"
    ],
    "storefront": [
      "storefront.bb1821d919ee7948be12.css",
      "storefront.3c6a00ec218b0911e693.js",
      "storefront.bb1821d919ee7948be12.css.map",
      "storefront.3c6a00ec218b0911e693.js.map"
    ],
    "vendors~app-cart": "chunk.727bb2980cb46900cb4f.js",
    "vendors~app-checkout": "chunk.71b4ee05ba8b6a0f1bc6.js"
  }
}