{
  "title": "Blow Gummies Responsabilidade Ambiental",
  "meta_title": "Sabemos da Nossa Responsabilidade Ambiental - Reciclamos Todas Nossas Embalagens Através do Programa EuReciclo.",
  "body": "Nós da Blow Gummies sabemos da nossa responsabilidade ambiental. Sabendo disso contratamos uma Empresa de através do conceito de compensação ambiental, ele garante que as marcas que o carregam destinam recursos para o desenvolvimento da cadeia de reciclagem, estabelecendo-se como uma solução para a Política Nacional de Resíduos Sólidos, que determina a meta de 22% de logística reversa das embalagens geradas pelas empresas. \n\nO selo eureciclo certifica a logística reversa de embalagens pós consumo, através de uma plataforma de rastreamento de notas fiscais emitidas por cooperativas e operadores de reciclagem parceiros.\n\n![Blow Gummies Selo EuReciclo](/img/uploads/selo-bolacha-branco.png)",
  "sections": [],
  "meta_description": "Blow Gummies Sabe da Responsabilidade Ambiental."
}