{
  "youtube": "https://www.youtube.com/c/BlowGummies",
  "facebook": "https://www.facebook.com/BlowGummies/",
  "phone": "",
  "doc_number": "14.900.786/0001-08",
  "whatsapp": "21 97895-8823",
  "instagram": "https://www.instagram.com/blowgummies/",
  "twitter": "https://twitter.com/BlowGummies",
  "address": "Avenida Guilherme Maxwell,480 Bonsucesso - Rio de Janeiro - RJ",
  "tiktok": "https://www.tiktok.com/@blowgummies",
  "pinterest": "https://br.pinterest.com/BlowGummiesOficial/",
  "email": "manablow@blowgummies.com.br"
}