{
  "marketing_stripe": {
    "text": "",
    "link": "https://www.blowgummies.com.br/?utm_source=site&utm_medium=banner&utm_campaign=blowgummies"
  },
  "contacts_stripe": {
    "phone_wpp": false,
    "socials": true,
    "pages": [
      {
        "title": "Comprar",
        "link": "/compre-agora/"
      },
      {
        "title": "ZERO AÇUCAR",
        "link": "/blow-gummies-zero-acucar"
      },
      {
        "title": "Composição",
        "link": "/pages/ingredientes-que-contem-blow-gummies"
      },
      {
        "title": "Resultados",
        "link": "/pages/resultados-reais-blow-gummies"
      }
    ]
  },
  "categories_list": {
    "featured": [],
    "random": 20,
    "full_width": false
  },
  "search_input": true,
  "desktop_megamenu": false,
  "alphabetical_order_submenu": false,
  "full_width_submenu": false
}